Date,CPI,US/EGP,Value_Percent,Value_in_M,Dummy_Float,Dummy_COVID,Dummy_Ukraine,Inflation
1995-02-01,35.95,3.391,14.0,149787.0,0,0,0,1.2390875809631163
1995-03-01,35.99,3.389,14.0,150220.0,0,0,0,0.11126564673156203
1995-04-01,36.01,3.392,14.0,151514.0,0,0,0,0.05557099194219983
1995-05-01,36.16,3.393,14.0,153853.0,0,0,0,0.41655095806720777
1995-06-01,36.14,3.395,14.0,156080.0,0,0,0,-0.05530973451326471
1995-07-01,36.18,3.392,14.0,157229.0,0,0,0,0.11068068622024363
1995-08-01,36.78,3.393,14.0,158089.0,0,0,0,1.6583747927031656
1995-09-01,36.89,3.39,14.0,159705.0,0,0,0,0.29907558455681826
1995-10-01,37.24,3.393,14.0,160896.0,0,0,0,0.9487666034155628
1995-11-01,37.79,3.39,13.5,161602.0,0,0,0,1.4769065520945146
1995-12-01,37.98,3.39,13.5,162766.0,0,0,0,0.5027785128340678
1996-01-01,38.03,3.392,13.5,163166.0,0,0,0,0.1316482359136506
1996-02-01,38.23,3.388,13.5,165125.0,0,0,0,0.5259006047856785
1996-03-01,38.39,3.393,13.5,165418.0,0,0,0,0.41851948731363997
1996-04-01,38.69,3.394,13.5,167246.0,0,0,0,0.7814535035165271
1996-05-01,39.07,3.392,13.5,169290.0,0,0,0,0.9821659343499656
1996-06-01,39.14,3.393,13.5,171333.0,0,0,0,0.17916560020476702
1996-07-01,39.53,3.392,13.5,173787.0,0,0,0,0.9964230965763932
1996-08-01,39.57,3.388,13.5,174824.0,0,0,0,0.10118897040223285
1996-09-01,39.76,3.3941,13.5,174893.0,0,0,0,0.4801617386909207
1996-10-01,39.83,3.3942,13.5,177482.0,0,0,0,0.17605633802817433
1996-11-01,39.95,3.388,13.25,178641.0,0,0,0,0.3012804418779824
1996-12-01,40.03,3.388,13.0,180404.0,0,0,0,0.20025031289110373
1997-01-01,40.19,3.39,13.0,181575.0,0,0,0,0.39970022483137857
1997-02-01,40.29,3.389,13.0,182842.0,0,0,0,0.24881811395869313
1997-03-01,40.52,3.389,12.75,183582.0,0,0,0,0.5708612558947834
1997-04-01,40.76,3.389,12.75,186939.0,0,0,0,0.5923000987166693
1997-05-01,40.98,3.389,12.25,190955.0,0,0,0,0.5397448478900779
1997-06-01,41.0,3.389,12.25,194646.0,0,0,0,0.048804294777937685
1997-07-01,40.96,3.389,12.25,195298.0,0,0,0,-0.09756097560975618
1997-08-01,41.07,3.389,12.25,197391.0,0,0,0,0.2685546875
1997-09-01,41.22,3.389,12.25,196289.0,0,0,0,0.36523009495981196
1997-10-01,41.41,3.388,12.25,198431.0,0,0,0,0.46094129063560807
1997-11-01,41.52,3.388,12.25,198822.0,0,0,0,0.26563631972955637
1997-12-01,41.63,3.388,12.25,199837.0,0,0,0,0.2649325626204124
1998-01-01,41.7,3.388,12.25,200166.0,0,0,0,0.16814797021378336
1998-02-01,41.82,3.388,12.25,200262.0,0,0,0,0.2877697841726645
1998-03-01,41.89,3.388,12.25,199672.0,0,0,0,0.16738402678144748
1998-04-01,42.22,3.388,12.25,201046.0,0,0,0,0.7877775125328279
1998-05-01,42.56,3.388,12.25,204396.0,0,0,0,0.8053055423969724
1998-06-01,42.67,3.388,12.25,207058.0,0,0,0,0.25845864661653284
1998-07-01,42.71,3.388,12.25,208666.0,0,0,0,0.09374267635340328
1998-08-01,42.86,3.388,12.25,210002.0,0,0,0,0.3512058066026613
1998-09-01,43.15,3.388,12.25,211434.0,0,0,0,0.6766215585627622
1998-10-01,43.23,3.388,12.25,212953.0,0,0,0,0.18539976825029392
1998-11-01,43.08,3.388,12.25,219338.0,0,0,0,-0.3469812630117919
1998-12-01,43.12,3.388,12.0,221372.0,0,0,0,0.09285051067779992
1999-01-01,43.3,3.388,12.0,222243.0,0,0,0,0.4174397031539989
1999-02-01,43.38,3.389,12.0,223704.0,0,0,0,0.18475750577369165
1999-03-01,43.49,3.395,12.0,225834.0,0,0,0,0.25357307514983773
1999-04-01,43.6,3.396,12.0,226512.0,0,0,0,0.2529317084387195
1999-05-01,43.75,3.396,12.0,228968.0,0,0,0,0.34403669724769603
1999-06-01,43.9,3.396,12.0,226465.0,0,0,0,0.34285714285713365
1999-07-01,43.94,3.396,12.0,226325.0,0,0,0,0.09111617312071996
1999-08-01,44.08,3.396,12.0,227336.0,0,0,0,0.318616294947649
1999-09-01,44.2,3.396,12.0,228223.0,0,0,0,0.27223230490018846
1999-10-01,44.23,3.396,12.0,229742.0,0,0,0,0.06787330316739837
1999-11-01,44.38,3.4,12.0,231707.0,0,0,0,0.3391363328058006
1999-12-01,44.49,3.405,12.0,233909.0,0,0,0,0.24785939612437247
2000-01-01,44.57,3.405,12.0,233920.0,0,0,0,0.17981568891884958
2000-02-01,44.68,3.41,12.0,235288.0,0,0,0,0.24680278214044282
2000-03-01,44.79,3.413,12.0,237930.0,0,0,0,0.24619516562220944
2000-04-01,44.87,3.415,12.0,238296.0,0,0,0,0.17861129716454371
2000-05-01,44.98,3.421,12.0,240177.0,0,0,0,0.24515266324938167
2000-06-01,45.01,3.446,12.0,245450.0,0,0,0,0.06669630947087057
2000-07-01,45.16,3.461,12.0,247112.0,0,0,0,0.33325927571650205
2000-08-01,45.24,3.481,12.0,250055.0,0,0,0,0.1771479185119773
2000-09-01,45.31,3.501,12.0,252055.0,0,0,0,0.15473032714412582
2000-10-01,45.35,3.5312,12.0,255857.0,0,0,0,0.08828073273008386
2000-11-01,45.42,3.69,12.0,258190.0,0,0,0,0.15435501653804362
2000-12-01,45.5,3.69,12.0,260999.0,0,0,0,0.1761338617349173
2001-01-01,45.72,3.84,12.0,261320.0,0,0,0,0.48351648351647736
2001-02-01,45.72,3.84,12.0,262312.0,0,0,0,0.0
2001-03-01,45.76,3.84,12.0,262223.0,0,0,0,0.08748906386701893
2001-04-01,45.91,3.84,11.0,263352.0,0,0,0,0.3277972027972087
2001-05-01,45.94,3.85,11.0,267479.0,0,0,0,0.06534524068830816
2001-06-01,46.02,3.85,11.0,274610.0,0,0,0,0.17414018284720445
2001-07-01,46.17,3.85,11.0,276383.0,0,0,0,0.32594524119946566
2001-08-01,46.21,3.89,11.0,282066.0,0,0,0,0.08663634394627806
2001-09-01,46.28,4.14,11.0,286062.0,0,0,0,0.1514823631248552
2001-10-01,46.39,4.14,11.0,286391.0,0,0,0,0.23768366464995694
2001-11-01,46.43,4.14,11.0,287619.0,0,0,0,0.08622547962922056
2001-12-01,46.61,4.49,11.0,295491.0,0,0,0,0.3876803790652694
2002-01-01,46.84,4.5,11.0,297038.0,0,0,0,0.49345633984123616
2002-02-01,46.91,4.5,11.0,299946.0,0,0,0,0.14944491887274314
2002-03-01,47.02,4.5,11.0,302236.0,0,0,0,0.234491579620566
2002-04-01,47.02,4.5,11.0,304606.0,0,0,0,0.0
2002-05-01,47.21,4.5,11.0,310038.0,0,0,0,0.40408336877924
2002-06-01,47.28,4.5,11.0,317697.0,0,0,0,0.14827367083245502
2002-07-01,47.36,4.5,11.0,317923.0,0,0,0,0.16920473773265332
2002-08-01,47.43,4.5,11.0,303758.0,0,0,0,0.14780405405405705
2002-09-01,47.66,4.5,11.0,308124.0,0,0,0,0.4849251528568299
2002-10-01,47.69,4.5,11.0,308993.0,0,0,0,0.06294586655477552
2002-11-01,47.88,4.5,10.0,331101.0,0,0,0,0.3984063745019917
2002-12-01,47.99,4.5,10.0,332813.0,0,0,0,0.22974101921471313
2003-01-01,48.21,5.3783,10.0,348187.0,0,0,0,0.4584288393415292
2003-02-01,48.36,5.5136,10.0,353996.0,0,0,0,0.3111387678904842
2003-03-01,48.7,5.7284,10.0,357819.0,0,0,0,0.7030603804797364
2003-04-01,48.88,5.8875,10.0,360660.0,0,0,0,0.3696098562628425
2003-05-01,49.07,5.9733,10.0,367208.0,0,0,0,0.3887070376431989
2003-06-01,49.18,6.0329,10.0,375978.0,0,0,0,0.2241695536987942
2003-07-01,49.44,6.1364,10.0,382889.0,0,0,0,0.5286701911346059
2003-08-01,49.74,6.1492,10.0,388641.0,0,0,0,0.6067961165048708
2003-09-01,50.08,6.1257,10.0,392385.0,0,0,0,0.6835544833132312
2003-10-01,50.42,6.135,10.0,396180.0,0,0,0,0.6789137380191823
2003-11-01,50.76,6.1304,10.0,401330.0,0,0,0,0.6743355811186014
2003-12-01,51.06,6.1532,10.0,403634.0,0,0,0,0.5910165484633634
2004-01-01,52.04,6.1602,10.0,416901.0,0,0,0,1.919310614962777
2004-02-01,53.11,6.1665,10.0,419546.0,0,0,0,2.056110684089152
2004-03-01,54.0,6.168,10.0,420777.0,0,0,0,1.6757672754660113
2004-04-01,54.85,6.1937,10.0,423576.0,0,0,0,1.5740740740740833
2004-05-01,54.9,6.1936,10.0,432850.0,0,0,0,0.09115770282588365
2004-06-01,54.94,6.1899,10.0,435823.0,0,0,0,0.0728597449908941
2004-07-01,55.37,6.1971,10.0,441970.0,0,0,0,0.7826720058245362
2004-08-01,55.28,6.2105,10.0,447775.0,0,0,0,-0.16254289326349536
2004-09-01,56.05,6.229,10.0,451550.0,0,0,0,1.3929088277858215
2004-10-01,56.77,6.2331,10.0,459025.0,0,0,0,1.284567350579846
2004-11-01,56.69,6.225,10.0,465101.0,0,0,0,-0.140919499735781
2004-12-01,56.86,6.1314,10.0,468959.0,0,0,0,0.2998765214323518
2005-01-01,56.99,5.8105,10.0,470126.0,0,0,0,0.22863172704890022
2005-02-01,56.77,5.7853,10.0,474666.0,0,0,0,-0.38603263730478954
2005-03-01,57.07,5.7881,10.0,479766.0,0,0,0,0.5284481240091621
2005-04-01,57.45,5.786,10.0,484904.0,0,0,0,0.6658489574207227
2005-05-01,57.67,5.7883,10.0,490717.0,0,0,0,0.38294168842472054
2005-06-01,57.54,5.7789,10.0,494633.0,0,0,0,-0.22542049592509938
2005-07-01,57.75,5.7641,10.0,506499.0,0,0,0,0.36496350364962904
2005-08-01,57.88,5.7621,10.0,513361.0,0,0,0,0.22510822510823925
2005-09-01,58.14,5.7517,10.0,515788.0,0,0,0,0.44920525224603214
2005-10-01,58.52,5.7516,10.0,517334.0,0,0,0,0.6535947712418277
2005-11-01,58.61,5.7523,10.0,519448.0,0,0,0,0.15379357484619494
2005-12-01,58.65,5.7322,10.0,522857.0,0,0,0,0.06824773929363648
2006-01-01,58.95,5.7249,9.0,529364.0,0,0,0,0.5115089514066584
2006-02-01,59.03,5.7277,9.0,534965.0,0,0,0,0.13570822731128196
2006-03-01,59.16,5.7366,9.0,535303.0,0,0,0,0.22022700321868705
2006-04-01,59.97,5.744,9.0,546676.0,0,0,0,1.3691683569979851
2006-05-01,60.78,5.7572,9.0,551889.0,0,0,0,1.3506753376688385
2006-06-01,61.72,5.7523,9.0,561160.0,0,0,0,1.5465613688713464
2006-07-01,62.61,5.7376,9.0,567025.0,0,0,0,1.4419961114711555
2006-08-01,63.04,5.7342,9.0,575333.0,0,0,0,0.6867912474045612
2006-09-01,63.68,5.7318,9.0,582989.0,0,0,0,1.0152284263959421
2006-10-01,65.43,5.7257,9.0,589560.0,0,0,0,2.748115577889454
2006-11-01,65.72,5.7123,9.0,587949.0,0,0,0,0.4432217637169389
2006-12-01,65.94,5.7036,9.0,601309.0,0,0,0,0.3347534996956725
2007-01-01,66.19,5.6917,9.0,596701.0,0,0,0,0.3791325447376481
2007-02-01,66.45,5.6901,9.0,604684.0,0,0,0,0.39280858135670726
2007-03-01,66.71,5.6925,9.0,610452.0,0,0,0,0.39127163280661126
2007-04-01,66.85,5.6733,9.0,619982.0,0,0,0,0.20986358866736943
2007-05-01,66.78,5.688,9.0,650678.0,0,0,0,-0.10471204188480243
2007-06-01,66.91,5.6892,9.0,663767.0,0,0,0,0.19466906259357764
2007-07-01,67.38,5.6411,9.0,672041.0,0,0,0,0.7024361082050401
2007-08-01,68.1,5.6471,9.0,677919.0,0,0,0,1.0685663401602818
2007-09-01,69.49,5.5776,9.0,681900.0,0,0,0,2.041116005873711
2007-10-01,70.22,5.5028,9.0,689933.0,0,0,0,1.0505108648726447
2007-11-01,70.09,5.5197,9.0,704631.0,0,0,0,-0.18513244090002656
2007-12-01,70.36,5.5038,9.0,716275.0,0,0,0,0.38521900413752697
2008-01-01,73.13,5.5408,9.0,724715.0,0,0,0,3.936895963615683
2008-02-01,74.46,5.4792,9.0,738454.0,0,0,0,1.8186790646793405
2008-03-01,76.31,5.4424,9.0,756553.0,0,0,0,2.4845554660220426
2008-04-01,77.83,5.365,9.0,760927.0,0,0,0,1.9918752457082967
2008-05-01,79.95,5.7572,9.0,762181.0,0,0,0,2.723885391237313
2008-06-01,80.42,5.3236,10.0,766664.0,0,0,0,0.5878674171357012
2008-07-01,82.2,5.2969,10.0,775261.0,0,0,0,2.213379756279532
2008-08-01,84.19,5.3572,11.0,781199.0,0,0,0,2.420924574209238
2008-09-01,84.45,5.453,11.5,777871.0,0,0,0,0.30882527616107325
2008-10-01,84.39,5.5578,11.5,780543.0,0,0,0,-0.0710479573712286
2008-11-01,84.32,5.5073,11.5,784800.0,0,0,0,-0.08294821661335439
2008-12-01,83.26,5.5041,11.5,791378.0,0,0,0,-1.2571157495256058
2009-01-01,83.66,5.5449,11.5,793354.0,0,0,0,0.48042277203939054
2009-02-01,84.52,5.5934,10.5,799754.0,0,0,0,1.027970356203678
2009-03-01,85.58,5.6289,10.0,808603.0,0,0,0,1.2541410317084667
2009-04-01,87.03,5.6234,10.0,812410.0,0,0,0,1.694321103061469
2009-05-01,88.09,5.6089,9.5,826847.0,0,0,0,1.2179708146616175
2009-06-01,88.42,5.5855,9.0,831211.0,0,0,0,0.3746168691111329
2009-07-01,90.41,5.5377,9.0,835457.0,0,0,0,2.250622031214644
2009-08-01,92.67,5.517,8.5,836503.0,0,0,0,2.4997234819157166
2009-09-01,94.19,5.4897,8.5,847808.0,0,0,0,1.6402287687493189
2009-10-01,95.43,5.4586,8.5,847757.0,0,0,0,1.316487949888523
2009-11-01,95.33,5.4585,8.5,854057.0,0,0,0,-0.1047888504663197
2009-12-01,94.57,5.4754,8.5,866354.0,0,0,0,-0.7972306724011391
2010-01-01,95.14,5.4566,8.5,867734.0,0,0,0,0.6027281378872873
2010-02-01,95.33,5.4756,8.5,875586.0,0,0,0,0.19970569686778017
2010-03-01,95.96,5.4913,8.5,888176.0,0,0,0,0.6608622679114662
2010-04-01,96.61,5.5436,8.5,890376.0,0,0,0,0.6773655689870761
2010-05-01,97.05,5.6468,8.5,896033.0,0,0,0,0.4554393955077174
2010-06-01,97.46,5.6807,8.5,917459.0,0,0,0,0.42246264811951484
2010-07-01,99.9,5.6896,8.5,922637.0,0,0,0,2.5035912169095065
2010-08-01,102.75,5.6931,8.5,935234.0,0,0,0,2.8528528528528385
2010-09-01,104.49,5.6832,8.5,948172.0,0,0,0,1.6934306569343027
2010-10-01,105.92,5.763,8.5,961244.0,0,0,0,1.3685520145468422
2010-11-01,105.06,5.776,8.5,963255.0,0,0,0,-0.8119335347432033
2010-12-01,104.34,5.7926,8.5,973962.0,0,0,0,-0.6853226727584261
2011-01-01,105.41,5.8399,8.5,969712.0,0,0,0,1.025493578685066
2011-02-01,105.54,5.8795,8.5,982547.0,0,0,0,0.12332795749929737
2011-03-01,106.98,5.9539,8.5,988076.0,0,0,0,1.3644115974985827
2011-04-01,108.28,5.9351,8.5,986792.0,0,0,0,1.2151804075528183
2011-05-01,108.5,5.9304,8.5,994431.0,0,0,0,0.20317694865163993
2011-06-01,108.95,5.9558,8.5,1009411.0,0,0,0,0.41474654377879894
2011-07-01,110.26,5.9442,8.5,1018926.0,0,0,0,1.2023864157870712
2011-08-01,111.47,5.9401,8.5,1024359.0,0,0,0,1.0974061309631633
2011-09-01,113.07,5.9525,8.5,1024430.0,0,0,0,1.435363775006726
2011-10-01,113.44,5.9561,8.5,1030934.0,0,0,0,0.32723091889979017
2011-11-01,114.58,5.9914,9.5,1031696.0,0,0,0,1.0049365303244073
2011-12-01,114.31,6.0169,9.5,1038871.0,0,0,0,-0.23564321871181182
2012-01-01,114.47,6.0183,9.5,1043877.0,0,0,0,0.13997025632053184
2012-02-01,115.23,6.0209,9.5,1050128.0,0,0,0,0.6639294138202301
2012-03-01,116.64,6.0264,9.5,1054996.0,0,0,0,1.2236396771674096
2012-04-01,117.78,6.0336,9.5,1058770.0,0,0,0,0.977366255144041
2012-05-01,117.5,6.0307,9.5,1067581.0,0,0,0,-0.23773136355917934
2012-06-01,116.85,6.0455,9.5,1094408.0,0,0,0,-0.553191489361704
2012-07-01,117.3,6.0563,9.5,1101874.0,0,0,0,0.38510911424904926
2012-08-01,118.68,6.0831,9.5,1115267.0,0,0,0,1.1764705882353121
2012-09-01,120.1,6.0801,9.5,1124332.0,0,0,0,1.1964947758678735
2012-10-01,121.05,6.0947,9.5,1144653.0,0,0,0,0.7910074937552025
2012-11-01,119.46,6.096,9.5,1147497.0,0,0,0,-1.3135068153655505
2012-12-01,119.64,6.3057,9.5,1167160.0,0,0,0,0.15067805123054612
2013-01-01,121.66,6.7053,9.5,1198095.350203907,0,0,0,1.6883985289200876
2013-02-01,124.7,6.7279,9.5,1211317.0,0,0,0,2.4987670557290897
2013-03-01,125.49,6.7947,10.25,1236938.0,0,0,0,0.6335204490777846
2013-04-01,127.34,6.9356,10.25,1252861.0,0,0,0,1.4742210534703926
2013-05-01,127.14,6.9774,10.25,1268513.0,0,0,0,-0.15705983979896754
2013-06-01,128.25,7.0119,10.25,1296086.0,0,0,0,0.8730533270410623
2013-07-01,129.36,6.9982,10.25,1316054.0,0,0,0,0.8654970760233915
2013-08-01,130.24,7.015,9.75,1329492.0,0,0,0,0.6802721088435382
2013-09-01,132.29,6.8838,9.25,1334967.0,0,0,0,1.5740171990171747
2013-10-01,133.69,6.8857,9.25,1348484.0,0,0,0,1.0582810492100636
2013-11-01,134.95,6.8833,9.25,1360134.0,0,0,0,0.9424788690253427
2013-12-01,133.58,6.943,8.75,1387688.0,0,0,0,-1.0151908114116148
2014-01-01,135.48,6.9555,8.75,1398255.0,0,0,0,1.4223686180565798
2014-02-01,136.87,6.9553,8.75,1417624.0,0,0,0,1.0259816947151057
2014-03-01,137.57,6.9615,8.75,1438421.0,0,0,0,0.5114342076422806
2014-04-01,138.63,7.0011,8.75,1459568.0,0,0,0,0.7705168277967633
2014-05-01,137.62,7.138,8.75,1484420.0,0,0,0,-0.7285580321719665
2014-06-01,138.77,7.1459,8.75,1516601.0,0,0,0,0.8356343554715817
2014-07-01,143.64,7.1473,9.75,1545031.0,0,0,0,3.50940404986666
2014-08-01,145.21,7.1452,9.75,1557379.0,0,0,0,1.0930103035366345
2014-09-01,146.99,7.147,9.75,1543756.0,0,0,0,1.2258108945664814
2014-10-01,149.51,7.1472,9.75,1560327.0,0,0,0,1.7144023402952513
2014-11-01,147.22,7.1443,9.75,1572950.0,0,0,0,-1.5316701223998308
2014-12-01,147.11,7.1431,9.75,1606505.0,0,0,0,-0.07471810895257613
2015-01-01,148.56,7.5607,9.25,1627547.0,0,0,0,0.9856569913669899
2015-02-01,151.33,7.6051,9.25,1637378.0,0,0,0,1.8645665051157945
2015-03-01,153.66,7.6032,9.25,1682225.0,0,0,0,1.5396814907817191
2015-04-01,153.83,7.6064,9.25,1700416.0,0,0,0,0.11063386697904853
2015-05-01,155.66,7.6061,9.25,1720048.0,0,0,0,1.1896249106156054
2015-06-01,154.57,7.6061,9.25,1765492.0,0,0,0,-0.700244121803939
2015-07-01,155.68,7.8085,9.25,1799490.0,0,0,0,0.7181212395678482
2015-08-01,156.66,7.809,9.25,1819118.0,0,0,0,0.6294964028776828
2015-09-01,160.53,7.8057,9.25,1850305.37114137,0,0,0,2.47031788586749
2015-10-01,164.02,8.0066,9.25,1868174.0,0,0,0,2.1740484644614755
2015-11-01,163.53,7.8078,9.25,1876828.0,0,0,0,-0.2987440556029841
2015-12-01,163.38,7.808,9.75,1905464.0,0,0,0,-0.09172628875435684
2016-01-01,163.56,7.8086,9.75,1909422.0,0,0,0,0.11017260374586169
2016-02-01,165.14,7.8066,9.75,1922685.0,0,0,0,0.966006358522864
2016-03-01,167.52,8.8572,11.25,1987839.0,0,0,0,1.4412014048686084
2016-04-01,169.64,8.8575,11.25,2006632.0,0,0,0,1.2655205348614862
2016-05-01,174.81,8.8575,11.25,2044293.0,0,0,0,3.0476302758783325
2016-06-01,176.16,8.8571,12.25,2094500.0,0,0,0,0.7722670327784398
2016-07-01,177.47,8.8574,12.25,2119715.0,0,0,0,0.7436421435059071
2016-08-01,180.89,8.8569,12.25,2151648.0,0,0,0,1.927086268101652
2016-09-01,183.15,8.8574,12.25,2183148.0,0,0,0,1.2493780750732597
2016-10-01,186.26,8.8580064516129,12.25,2198196.0,0,0,0,1.6980616980616814
2016-11-01,195.3,17.7663,15.25,2601171.0,1,0,0,4.85343068828521
2016-12-01,201.4,18.125,15.25,2648595.273923788,1,0,0,3.1233998975934485
2017-01-01,209.59,18.725,15.25,2701634.0,1,0,0,4.066534260178756
2017-02-01,215.1,15.7679,15.25,2627193.0,1,0,0,2.6289422205257873
2017-03-01,219.3,18.0835294117647,15.25,2743818.0,1,0,0,1.9525801952580357
2017-04-01,223.01,18.0312,15.25,2784571.0,1,0,0,1.6917464660282544
2017-05-01,226.74,18.0324,17.25,2849601.0,1,0,0,1.672570736738277
2017-06-01,228.6,18.04,17.25,2918193.0,1,0,0,0.8203228367292814
2017-07-01,235.95,17.8366,19.25,2940815.0,1,0,0,3.2152230971128626
2017-08-01,238.62,17.6096,19.25,3003886.0,1,0,0,1.1315956770502344
2017-09-01,241.01,17.6058823529412,19.25,3050373.0,1,0,0,1.0015924901517037
2017-10-01,243.67,17.6049,19.25,3088052.0,1,0,0,1.103688643624734
2017-11-01,246.03,17.6672,19.25,3140629.0,1,0,0,0.9685230024213176
2017-12-01,245.51,17.6808333333333,19.25,3202657.0,1,0,0,-0.2113563386578865
2018-01-01,245.36,17.6261111111111,19.25,3254247.0,1,0,0,-0.06109730764529697
2018-02-01,246.06,17.5916666666667,18.25,3294896.0,1,0,0,0.2852950766220941
2018-03-01,248.51,17.595,17.25,3343484.0,1,0,0,0.9956921076160308
2018-04-01,252.28,17.6162,17.25,3379461.0,1,0,0,1.5170415677437488
2018-05-01,252.7,17.8572,17.25,3401360.0,1,0,0,0.16648168701443034
2018-06-01,261.48,17.83475,17.25,3454321.0,1,0,0,3.4744756628413365
2018-07-01,267.83,17.8192,17.25,3466152.0,1,0,0,2.4284840140737174
2018-08-01,272.6,17.8491666666667,17.25,3515419.0,1,0,0,1.7809804726879097
2018-09-01,279.5,17.8575,17.25,3549306.0,1,0,0,2.531181217901679
2018-10-01,286.74,17.8611,17.25,3563376.0,1,0,0,2.590339892665483
2018-11-01,284.55,17.86278,17.25,3581583.0,1,0,0,-0.7637581083908773
2018-12-01,274.9,17.8693,17.25,3628681.0,1,0,0,-3.3913196274820034
2019-01-01,276.56,17.605,17.25,3640093.0,1,0,0,0.6038559476173155
2019-02-01,281.37,17.4794,16.25,3674700.0,1,0,0,1.7392247613537748
2019-03-01,283.7,17.2733,16.25,3724689.0,1,0,0,0.8280911255641898
2019-04-01,285.11,17.1244,16.25,3762427.0,1,0,0,0.49700387733522255
2019-05-01,288.3,16.7333,16.25,3796864.0,1,0,0,1.1188664024411654
2019-06-01,286.0,16.6528,16.25,3863642.0,1,0,0,-0.7977800901838417
2019-07-01,291.02,16.5178,16.25,3884855.0,1,0,0,1.7552447552447559
2019-08-01,292.92,16.5044,14.75,3929472.0,1,0,0,0.6528760909903175
2019-09-01,292.84,16.22,13.75,4010381.0,1,0,0,-0.027311211252234457
2019-10-01,295.76,16.0908,13.75,4024016.0,1,0,0,0.9971315394071922
2019-11-01,294.87,16.065,12.75,4053149.0,1,0,0,-0.3009196645929135
2019-12-01,294.42,15.9931,12.75,4110516.0,1,0,0,-0.15260962458032434
2020-01-01,296.38,15.7494,12.75,4140451.0,1,0,0,0.6657156443176326
2020-02-01,296.34,15.5625,12.75,4186575.0,1,0,0,-0.013496187327088904
2020-03-01,298.15,15.6989,9.75,4276765.0,1,1,0,0.610784909225881
2020-04-01,301.88,15.6986,9.75,4353065.0,1,1,0,1.2510481301358345
2020-05-01,301.84,15.8383,9.75,4451434.0,1,1,0,-0.013250298131717297
2020-06-01,302.1,16.0869,9.75,4538808.0,1,1,0,0.0861383514444869
2020-07-01,303.25,15.9336,9.75,4627173.0,1,1,0,0.38066865276398243
2020-08-01,302.78,15.8108,9.75,4682128.0,1,1,0,-0.15498763396538662
2020-09-01,303.66,15.7078,9.25,4757180.0,1,1,0,0.29064006869676806
2020-10-01,309.13,15.6561,9.25,4805875.0,1,1,0,1.8013567806098862
2020-11-01,311.67,15.6072,8.75,4845958.0,1,1,0,0.8216607899589334
2020-12-01,310.4,15.6842,8.75,4920525.0,1,1,0,-0.40748227291688144
2021-01-01,309.08,15.6772,8.75,4959491.0,1,1,0,-0.4252577319587614
2021-02-01,309.54,15.6575,8.75,5023185.0,1,1,0,0.14882878219233397
2021-03-01,311.46,15.6553,8.75,5131876.0,1,1,0,0.6202752471409001
2021-04-01,314.27,15.6286,8.75,5184027.0,1,1,0,0.9022025300199132
2021-05-01,316.51,15.6286,8.75,5257355.0,1,1,0,0.7127629108728106
2021-06-01,317.07,15.6297,8.75,5356609.0,1,1,0,0.1769296388739683
2021-07-01,319.88,15.6497,8.75,5425832.0,1,1,0,0.8862396316270837
2021-08-01,319.88,15.6493,8.75,5490613.0,1,1,0,0.0
2021-09-01,323.53,15.66,8.75,5574011.0,1,1,0,1.141052894835548
2021-10-01,328.58,15.6606,8.75,5651909.0,1,1,0,1.5609062528977313
2021-11-01,328.86,15.6611,8.75,5740127.0,1,1,0,0.0852151682999569
2021-12-01,328.58,15.6611,8.75,5822649.0,1,1,0,-0.08514261387825295
2022-01-01,331.38,15.6608,8.75,5876621.0,1,0,0,0.852151682999569
2022-02-01,336.72,15.6614,8.75,5948841.0,1,0,1,1.6114430563099802
2022-03-01,344.29,18.2186,9.75,6280452.0,1,0,1,2.248158707531478
2022-04-01,355.52,18.4408,9.75,6416251.0,1,0,1,3.2617851230067663
2022-05-01,359.16,18.5475,11.75,6500587.0,1,0,1,1.023852385238544
2022-06-01,358.6,18.7464,11.75,6614488.0,1,0,1,-0.15591936741284895
2022-07-01,363.37,18.9094,11.75,6708871.0,1,0,1,1.330172894590076
2022-08-01,366.46,19.1808,11.75,6808405.0,1,0,1,0.8503728981478886
2022-09-01,372.35,19.5108,11.75,6949656.0,1,0,1,1.6072695519292912
2022-10-01,381.89,24.0714,13.75,7181661.0,1,0,1,2.562105545857385
2022-11-01,390.59,24.5247,13.75,7317012.0,1,0,1,2.278142920736337
2022-12-01,398.73,24.6894,16.75,7402740.0,1,0,1,2.0840267287949077
2023-01-01,417.25,30.1163,16.75,7710432.0,1,0,1,4.644747071953437
2023-02-01,444.46,30.568,16.75,7822810.0,1,0,1,6.5212702216896234
2023-03-01,456.53,30.838,18.75,7965913.0,1,0,1,2.715654952076685
2023-04-01,464.11,30.838,18.75,8069151.0,1,0,1,1.6603509079359702
2023-05-01,476.73,30.8423,18.75,8140532.0,1,0,1,2.719182952317345
2023-06-01,486.83,30.8423,18.75,8248189.0,1,0,1,2.118599626623019
2023-07-01,495.81,30.8423,19.75,8343414.0,1,0,1,1.844586405932258
2023-08-01,503.67,30.8423,19.75,8467486.0,1,0,1,1.5852846856658775
2023-09-01,513.49,30.8423,19.75,8551079.0,1,0,1,1.9496892806798005
2023-10-01,518.82,30.8414,19.75,8682319.0,1,0,1,1.0379948976611209
2023-11-01,525.56,30.8414,19.75,8787887.0,1,0,1,1.2991018079487882
2023-12-01,532.85,30.8414,19.75,8877594.0,1,0,1,1.3870918639165897
2024-01-01,541.55,30.8414,19.75,8983812.0,1,0,1,1.6327296612554942
2024-02-01,603.0,30.8414,21.75,9124887.0,1,0,1,11.347059366632827
2024-03-01,608.89,47.16,27.75,9988681.0,1,0,1,0.9767827529021611
2024-04-01,615.35,47.7997,27.75,10097541.0,1,0,1,1.060946969074883
2024-05-01,611.14,47.2271,27.75,10348949.0,1,0,1,-0.6841634841959876
2024-06-01,620.68,47.982,27.75,10618551.0,1,0,1,1.5610171155545416
2024-07-01,623.2,48.524,27.75,10783776.0,1,0,1,0.4060063156538174
2024-08-01,635.83,48.5719,27.75,10895326.0,1,0,1,2.0266367137355523
2024-09-01,649.3,48.2469,27.75,11081759.0,1,0,1,2.118490791563765
2024-10-01,649.3,48.9023,27.75,11247573.0,1,0,1,0.0
2024-11-01,649.3,49.5458,27.75,11341909.0,1,0,1,0.0
2024-12-01,649.3,50.7866,27.75,11636422.0,1,0,1,0.0
