Date,US/EGP 
01/1995,3.39
02/1995,3.39
03/1995,3.39
04/1995,3.39
05/1995,3.39
06/1995,3.40
07/1995,3.39
08/1995,3.39
09/1995,3.39
10/1995,3.39
11/1995,3.39
12/1995,3.39
01/1996,3.39
02/1996,3.39
03/1996,3.39
04/1996,3.39
05/1996,3.39
06/1996,3.39
07/1996,3.39
08/1996,3.39
09/1996,3.39
10/1996,3.39
11/1996,3.39
12/1996,3.39
01/1997,3.39
02/1997,3.39
03/1997,3.39
04/1997,3.39
05/1997,3.39
06/1997,3.39
07/1997,3.39
08/1997,3.39
09/1997,3.39
10/1997,3.39
11/1997,3.39
12/1997,3.39
01/1998,3.39
02/1998,3.39
03/1998,3.39
04/1998,3.39
05/1998,3.39
06/1998,3.39
07/1998,3.39
08/1998,3.39
09/1998,3.39
10/1998,3.39
11/1998,3.39
12/1998,3.39
01/1999,3.39
02/1999,3.39
03/1999,3.40
04/1999,3.40
05/1999,3.40
06/1999,3.40
07/1999,3.40
08/1999,3.40
09/1999,3.40
10/1999,3.40
11/1999,3.40
12/1999,3.41
01/2000,3.41
02/2000,3.41
03/2000,3.41
04/2000,3.42
05/2000,3.42
06/2000,3.45
07/2000,3.46
08/2000,3.48
09/2000,3.50
10/2000,3.53
11/2000,3.69
12/2000,3.69
01/2001,3.84
02/2001,3.84
03/2001,3.84
04/2001,3.84
05/2001,3.85
06/2001,3.85
07/2001,3.85
08/2001,3.89
09/2001,4.14
10/2001,4.14
11/2001,4.14
12/2001,4.49
01/2002,4.50
02/2002,4.50
03/2002,4.50
04/2002,4.50
05/2002,4.50
06/2002,4.50
07/2002,4.50
08/2002,4.50
09/2002,4.50
10/2002,4.50
11/2002,4.50
12/2002,4.50
01/2003,5.38
02/2003,5.51
03/2003,5.73
04/2003,5.89
05/2003,5.97
06/2003,6.03
07/2003,6.14
08/2003,6.15
09/2003,6.13
10/2003,6.14
11/2003,6.13
12/2003,6.15
01/2004,6.16
02/2004,6.17
03/2004,6.17
04/2004,6.19
05/2004,6.19
06/2004,6.19
07/2004,6.20
08/2004,6.21
09/2004,6.23
10/2004,6.23
11/2004,6.23
12/2004,6.13
01/2005,5.81
02/2005,5.79
03/2005,5.79
04/2005,5.79
05/2005,5.79
06/2005,5.78
07/2005,5.76
08/2005,5.76
09/2005,5.75
10/2005,5.75
11/2005,5.75
12/2005,5.73
01/2006,5.72
02/2006,5.73
03/2006,5.74
04/2006,5.74
05/2006,5.76
06/2006,5.75
07/2006,5.74
08/2006,5.73
09/2006,5.73
10/2006,5.73
11/2006,5.71
12/2006,5.70
01/2007,5.69
02/2007,5.69
03/2007,5.69
04/2007,5.67
05/2007,5.69
06/2007,5.69
07/2007,5.64
08/2007,5.65
09/2007,5.58
10/2007,5.50
11/2007,5.52
12/2007,5.50
01/2008,5.54
02/2008,5.48
03/2008,5.44
04/2008,5.37
05/2008,5.76
06/2008,5.32
07/2008,5.30
08/2008,5.36
09/2008,5.45
10/2008,5.56
11/2008,5.51
12/2008,5.50
01/2009,5.54
02/2009,5.59
03/2009,5.63
04/2009,5.62
05/2009,5.61
06/2009,5.59
07/2009,5.54
08/2009,5.52
09/2009,5.49
10/2009,5.46
11/2009,5.46
12/2009,5.48
01/2010,5.46
02/2010,5.48
03/2010,5.49
04/2010,5.54
05/2010,5.65
06/2010,5.68
07/2010,5.69
08/2010,5.69
09/2010,5.68
10/2010,5.76
11/2010,5.78
12/2010,5.79
01/2011,5.84
02/2011,5.88
03/2011,5.95
04/2011,5.94
05/2011,5.93
06/2011,5.96
07/2011,5.94
08/2011,5.94
09/2011,5.95
10/2011,5.96
11/2011,5.99
12/2011,6.02
01/2012,6.02
02/2012,6.02
03/2012,6.03
04/2012,6.03
05/2012,6.03
06/2012,6.05
07/2012,6.06
08/2012,6.08
09/2012,6.08
10/2012,6.09
11/2012,6.10
12/2012,6.31
01/2013,6.71
02/2013,6.73
03/2013,6.79
04/2013,6.94
05/2013,6.98
06/2013,7.01
07/2013,7.00
08/2013,7.02
09/2013,6.88
10/2013,6.89
11/2013,6.88
12/2013,6.94
01/2014,6.96
02/2014,6.96
03/2014,6.96
04/2014,7.00
05/2014,7.14
06/2014,7.15
07/2014,7.15
08/2014,7.15
09/2014,7.15
10/2014,7.15
11/2014,7.14
12/2014,7.14
01/2015,7.56
02/2015,7.61
03/2015,7.60
04/2015,7.61
05/2015,7.61
06/2015,7.61
07/2015,7.81
08/2015,7.81
09/2015,7.81
10/2015,8.01
11/2015,7.81
12/2015,7.81
01/2016,7.81
02/2016,7.81
03/2016,8.86
04/2016,8.86
05/2016,8.86
06/2016,8.86
07/2016,8.86
08/2016,8.86
09/2016,8.86
10/2016,8.86
11/2016,17.77
12/2016,18.13
01/2017,18.73
02/2017,15.77
03/2017,18.08
04/2017,18.03
05/2017,18.03
06/2017,18.04
07/2017,17.84
08/2017,17.61
09/2017,17.61
10/2017,17.60
11/2017,17.67
12/2017,17.68
01/2018,17.63
02/2018,17.59
03/2018,17.60
04/2018,17.62
05/2018,17.86
06/2018,17.83
07/2018,17.82
08/2018,17.85
09/2018,17.86
10/2018,17.86
11/2018,17.86
12/2018,17.87
01/2019,17.61
02/2019,17.48
03/2019,17.27
04/2019,17.12
05/2019,16.73
06/2019,16.65
07/2019,16.52
08/2019,16.50
09/2019,16.22
10/2019,16.09
11/2019,16.07
12/2019,15.99
01/2020,15.75
02/2020,15.56
03/2020,15.70
04/2020,15.70
05/2020,15.84
06/2020,16.09
07/2020,15.93
08/2020,15.81
09/2020,15.71
10/2020,15.66
11/2020,15.61
12/2020,15.68
01/2021,15.68
02/2021,15.66
03/2021,15.66
04/2021,15.63
05/2021,15.63
06/2021,15.63
07/2021,15.65
08/2021,15.65
09/2021,15.66
10/2021,15.66
11/2021,15.66
12/2021,15.66
01/2022,15.66
02/2022,15.66
03/2022,18.22
04/2022,18.44
05/2022,18.55
06/2022,18.75
07/2022,18.91
08/2022,19.18
09/2022,19.51
10/2022,24.07
11/2022,24.52
12/2022,24.69
01/2023,30.12
02/2023,30.57
03/2023,30.84
04/2023,30.84
05/2023,30.84
06/2023,30.84
07/2023,30.84
08/2023,30.84
09/2023,30.84
10/2023,30.84
11/2023,30.84
12/2023,30.84
01/2024,30.84
02/2024,30.84
03/2024,47.16
04/2024,47.80
05/2024,47.23
06/2024,47.98
07/2024,48.52
08/2024,48.57
09/2024,48.25
10/2024,48.90
11/2024,49.55
12/2024,50.79